{
  "lr": 2.126227857115594e-05,
  "focal_gamma": 2.770903495873614,
  "batch_size": 32,
  "weight_decay": 0.014279213611219027,
  "warmup_frac": 0.08454862034579082
}